	Cosine	Neutralized
author	0.7914107285695812	0.6269361277015374
subgenre	0.42666166814777373	0.3889737854526569
