	Cosine	Neutralized
author	0.8420716168799594	0.7425663760639898
subgenre	0.6460772836598746	0.5668794886979325
