	Cosine	Neutralized
author	0.8420754013705726	0.6416004720628525
subgenre	0.8396964812730913	0.9032269233344928
