	Cosine	Neutralized
author	0.8947203987635572	0.6627875347529705
subgenre	0.7157719343523145	0.7178876584543068
