	Cosine	Neutralized
author	0.8698625972081242	0.7309657569300417
subgenre	0.6516958965738425	0.6573984467176984
