	Cosine	Neutralized
author	0.8599170212176621	0.3449028325715202
subgenre	0.31054583367826727	0.4990510997246616
