	Cosine	Neutralized
author	0.818199119329138	0.5611407417670468
subgenre	0.8599549753476089	0.9244371421765862
