	Cosine	Neutralized
author	0.8500585731430106	0.5865126458673033
subgenre	0.8100987489651515	0.809392088164863
