	Cosine	Neutralized
author	1.0	0.4788110108597124
subgenre	0.6853381991009012	0.7721685102950064
